{
	"class_name" : "PinholeCameraParameters",
	"extrinsic" : 
	[
		0.49116824888117117,
		-0.089072564945033392,
		0.86649860326783956,
		0.0,
		0.84039561082555114,
		0.31009520113853983,
		-0.44449542577623619,
		0.0,
		-0.22910471098638047,
		0.94652366288696743,
		0.22716510955445102,
		0.0,
		-0.00045397039671778161,
		-0.5507607603141389,
		0.42200653299721458,
		1.0
	],
	"intrinsic" : 
	{
		"height" : 1080,
		"intrinsic_matrix" : 
		[
			935.30743608719376,
			0.0,
			0.0,
			0.0,
			935.30743608719376,
			0.0,
			959.5,
			539.5,
			1.0
		],
		"width" : 1920
	},
	"version_major" : 1,
	"version_minor" : 0
}